{"label": 0, "event": null, "tstamp": 1.0, "dist": 0.0, "_child0": {"label": 1, "event": "S", "tstamp": 0.8113111410325694, "dist": 0.1886888589674306, "_child0": {"label": 2, "event": "S", "tstamp": 0.7407468409457979, "dist": 0.0705643000867715, "_child0": {"label": 4, "event": "S", "tstamp": 0.7047333475500024, "dist": 0.036013493395795515, "_child0": {"label": 6, "event": "S", "tstamp": 0.542852622351143, "dist": 0.16188072519885943, "_child0": {"label": 8, "event": "S", "tstamp": 0.2616292705355495, "dist": 0.28122335181559344, "_child0": {"label": 15, "event": "S", "tstamp": 0.22714427117665992, "dist": 0.0344849993588896, "_child0": {"label": 16, "event": "S", "tstamp": 0.0, "dist": 0.22714427117665992}, "_child1": {"label": 17, "event": "S", "tstamp": 0.0, "dist": 0.22714427117665992}}, "_child1": {"label": 14, "event": "S", "tstamp": 0.0, "dist": 0.2616292705355495}}, "_child1": {"label": 9, "event": "S", "tstamp": 0.0, "dist": 0.542852622351143}}, "_child1": {"label": 7, "event": "S", "tstamp": 0.0, "dist": 0.7047333475500024}}, "_child1": {"label": 5, "event": "S", "tstamp": 0.0, "dist": 0.7407468409457979}}, "_child1": {"label": 3, "event": "S", "tstamp": 0.5336364954408749, "dist": 0.2776746455916945, "_child0": {"label": 11, "event": "S", "tstamp": 0.36837462591245757, "dist": 0.16526186952841732, "_child0": {"label": 13, "event": "S", "tstamp": 0.17137611391841387, "dist": 0.1969985119940437, "_child0": {"label": 18, "event": "S", "tstamp": 0.0, "dist": 0.17137611391841387}, "_child1": {"label": 19, "event": "S", "tstamp": 0.0, "dist": 0.17137611391841387}}, "_child1": {"label": 12, "event": "S", "tstamp": 0.0, "dist": 0.36837462591245757}}, "_child1": {"label": 10, "event": "S", "tstamp": 0.0, "dist": 0.5336364954408749}}}}